"","Braxon Peak","Castle Peak","D.O. Lee Peak","Horstmann Peak","Hyndman Peak","Mount Cramer","Salzburger Spitzl","Snowyside Peak","Thompson Peak"
"Braxon Peak",0,0.236736425969861,0.113455751016035,0.180654672500532,0.203908728327748,0.116006031351258,0.25039055260899,0.126105424535087,0.187401011067212
"Castle Peak",0.236736425969861,0,0.103290727434015,0.0813858438085284,0.0237544795606779,0.165688771231063,0.0469700173964323,0.109258488670658,0.0874588357882528
"D.O. Lee Peak",0.113455751016035,0.103290727434015,0,0.0393053027916291,0.11766048819285,0.00199777752051755,0.22471665068971,0.0210479225305505,0.0195173126019744
"Horstmann Peak",0.180654672500532,0.0813858438085284,0.0393053027916291,0,0.0396867202778746,0.0729851919331413,0.106138661208669,0.0206426647944698,0.0319347888812922
"Hyndman Peak",0.203908728327748,0.0237544795606779,0.11766048819285,0.0396867202778746,0,0.0944123171668775,0.087697375944172,0.0435349259118736,0.0613576127365533
"Mount Cramer",0.116006031351258,0.165688771231063,0.00199777752051755,0.0729851919331413,0.0944123171668775,0,0.180957166530684,0.0363317669742146,0.0242417083817485
"Salzburger Spitzl",0.25039055260899,0.0469700173964323,0.22471665068971,0.106138661208669,0.087697375944172,0.180957166530684,0,0.162944225776465,0.101402978205755
"Snowyside Peak",0.126105424535087,0.109258488670658,0.0210479225305505,0.0206426647944698,0.0435349259118736,0.0363317669742146,0.162944225776465,0,0.00950318048378762
"Thompson Peak",0.187401011067212,0.0874588357882528,0.0195173126019744,0.0319347888812922,0.0613576127365533,0.0242417083817485,0.101402978205755,0.00950318048378762,0
