"","Braxon Peak","Castle Peak","D.O. Lee Peak","Horstmann Peak","Hyndman Peak","Mount Cramer","Salzburger Spitzl","Snowyside Peak","Thompson Peak"
"Braxon Peak",0,0.345433872774699,0.495593752359464,-0.724529094697633,1.39285652067593,-0.00391435091358581,0.950989932121859,0.296973671329626,-0.552994364811984
"Castle Peak",0.345433872774699,0,1.15237393054941,-0.379597059246965,1.88860694638258,-1.09859301018967,-0.423691329431212,0.494724091773628,0.696512147649393
"D.O. Lee Peak",0.495593752359464,1.15237393054941,0,0.978759540686663,0.344368463496853,1.40126865860028,-1.12736566072023,2.25429080055074,1.37507811996485
"Horstmann Peak",-0.724529094697633,-0.379597059246965,0.978759540686663,0,1.61250710958282,-1.90165145735062,1.1057144483288,-0.424314194281,0.151453466302184
"Hyndman Peak",1.39285652067593,1.88860694638258,0.344368463496853,1.61250710958282,0,1.37207170962433,0.396584922841269,2.82238040319545,2.76050634665948
"Mount Cramer",-0.00391435091358581,-1.09859301018967,1.40126865860028,-1.90165145735062,1.37207170962433,0,-0.194179767749091,0.44008156689796,1.13040456550086
"Salzburger Spitzl",0.950989932121859,-0.423691329431212,-1.12736566072023,1.1057144483288,0.396584922841269,-0.194179767749091,0,-0.249487327420221,1.90101699450371
"Snowyside Peak",0.296973671329626,0.494724091773628,2.25429080055074,-0.424314194281,2.82238040319545,0.44008156689796,-0.249487327420221,0,2.11884308408968
"Thompson Peak",-0.552994364811984,0.696512147649393,1.37507811996485,0.151453466302184,2.76050634665948,1.13040456550086,1.90101699450371,2.11884308408968,0
