"","Braxon Peak","Castle Peak","D.O. Lee Peak","Horstmann Peak","Hyndman Peak","Mount Cramer","Salzburger Spitzl","Snowyside Peak","Thompson Peak"
"Braxon Peak",0,0.407339036053975,0.476067432854486,0.357461785333529,0.437710157638549,0.454805284870168,0.441883775465058,0.506443826882653,0.289153165225879
"Castle Peak",0.407339036053975,0,0.487357940956733,0.362431733523692,0.488519342665711,0.254546322879852,0.354372414414707,0.304518317154464,0.503535369698952
"D.O. Lee Peak",0.476067432854486,0.487357940956733,0,0.562911789975082,0.318707877431854,0.579884545191743,0.224268079029628,0.605064984407587,0.498742869300477
"Horstmann Peak",0.357461785333529,0.362431733523692,0.562911789975082,0,0.480056065998418,0.320336683831979,0.441279055337512,0.388155560959533,0.458916399625416
"Hyndman Peak",0.437710157638549,0.488519342665711,0.318707877431854,0.480056065998418,0,0.433299394475987,0.291143197224509,0.544346796618791,0.525115992231888
"Mount Cramer",0.454805284870168,0.254546322879852,0.579884545191743,0.320336683831979,0.433299394475987,0,0.356596226736319,0.443058638997148,0.452568552499956
"Salzburger Spitzl",0.441883775465058,0.354372414414707,0.224268079029628,0.441279055337512,0.291143197224509,0.356596226736319,0,0.297835498100835,0.558199304627817
"Snowyside Peak",0.506443826882653,0.304518317154464,0.605064984407587,0.388155560959533,0.544346796618791,0.443058638997148,0.297835498100835,0,0.578431476613165
"Thompson Peak",0.289153165225879,0.503535369698952,0.498742869300477,0.458916399625416,0.525115992231888,0.452568552499956,0.558199304627817,0.578431476613165,0
