"","Braxon Peak","Castle Peak","D.O. Lee Peak","Horstmann Peak","Hyndman Peak","Mount Cramer","Salzburger Spitzl","Snowyside Peak","Thompson Peak"
"Braxon Peak",0,0.809427801673558,-0.407253689669022,0.136646606094218,0.452558866919518,-0.107433268234198,1.23810445197013,0.794842212052992,-0.796989851898807
"Castle Peak",0.809427801673558,0,2.04016739755488,-1.04664965806938,1.20694213215568,-0.513171440447384,-0.729838963202762,0.0554939039832918,1.00673638797171
"D.O. Lee Peak",-0.407253689669022,2.04016739755488,0,0.632794982739882,0.514546510867076,0.620400295807229,0.84204115823842,1.86824661247815,1.14842672603763
"Horstmann Peak",0.136646606094218,-1.04664965806938,0.632794982739882,0,-0.139723630323733,-1.69352633665425,0.57132787734371,-0.925114563556806,-0.731788172881456
"Hyndman Peak",0.452558866919518,1.20694213215568,0.514546510867076,-0.139723630323733,0,0.477915995061829,0.94980093822603,1.342330833976,2.25540015424642
"Mount Cramer",-0.107433268234198,-0.513171440447384,0.620400295807229,-1.69352633665425,0.477915995061829,0,0.262505896285864,0.247540249687942,0.736735455418696
"Salzburger Spitzl",1.23810445197013,-0.729838963202762,0.84204115823842,0.57132787734371,0.94980093822603,0.262505896285864,0,-0.763577931183781,2.42001846194432
"Snowyside Peak",0.794842212052992,0.0554939039832918,1.86824661247815,-0.925114563556806,1.342330833976,0.247540249687942,-0.763577931183781,0,1.34093356917698
"Thompson Peak",-0.796989851898807,1.00673638797171,1.14842672603763,-0.731788172881456,2.25540015424642,0.736735455418696,2.42001846194432,1.34093356917698,0
