"","Braxon Peak","Castle Peak","D.O. Lee Peak","Horstmann Peak","Hyndman Peak","Mount Cramer","Salzburger Spitzl","Snowyside Peak","Thompson Peak"
"Braxon Peak",0,0.206063017223116,-0.986259279303222,1.21944884185594,-1.28180628399152,-0.114552192022674,-0.220998201090116,0.532189220790718,-0.0205446193746075
"Castle Peak",0.206063017223116,0,1.32734083335283,-0.489717812316083,-1.22989382434705,0.939762904886352,-0.295775021960125,-0.544689224788331,0.364098713971653
"D.O. Lee Peak",-0.986259279303222,1.32734083335283,0,-0.738468547932376,0.0622056709086686,-1.4050272100198,2.44822675299707,-1.21006852022525,-0.518969494580278
"Horstmann Peak",1.21944884185594,-0.489717812316083,-0.738468547932376,0,-2.01268029702021,0.554781393838827,-0.859876940843032,-0.866893313480088,-1.07860755959726
"Hyndman Peak",-1.28180628399152,-1.22989382434705,0.0622056709086686,-2.01268029702021,0,-1.2171605020044,0.758655785787726,-2.18289036146785,-1.24906278297583
"Mount Cramer",-0.114552192022674,0.939762904886352,-1.4050272100198,0.554781393838827,-1.2171605020044,0,0.491262482686928,-0.358843909022056,-0.744101024978321
"Salzburger Spitzl",-0.220998201090116,-0.295775021960125,2.44822675299707,-0.859876940843032,0.758655785787726,0.491262482686928,0,-0.329345461566111,0.0175702031379116
"Snowyside Peak",0.532189220790718,-0.544689224788331,-1.21006852022525,-0.866893313480088,-2.18289036146785,-0.358843909022056,-0.329345461566111,0,-1.45897512958521
"Thompson Peak",-0.0205446193746075,0.364098713971653,-0.518969494580278,-1.07860755959726,-1.24906278297583,-0.744101024978321,0.0175702031379116,-1.45897512958521,0
