"","Braxon Peak","Castle Peak","D.O. Lee Peak","Horstmann Peak","Hyndman Peak","Mount Cramer","Salzburger Spitzl","Snowyside Peak","Thompson Peak"
"Braxon Peak",0,0.608716022252136,0.557556199840197,0.521064050370425,0.609095474918926,0.539544954246763,0.660892011229887,0.612425353681857,0.455896976886778
"Castle Peak",0.608716022252136,0,0.588708848177126,0.437374967911829,0.508736094541776,0.421065609756075,0.408396929365278,0.407504677150353,0.571522801665264
"D.O. Lee Peak",0.557556199840197,0.588708848177126,0,0.602941778763048,0.439883222160612,0.580729108775722,0.453680957059977,0.630869470271201,0.531731032964247
"Horstmann Peak",0.521064050370425,0.437374967911829,0.602941778763048,0,0.517679243811765,0.393455965222147,0.544777154730578,0.405605392670526,0.476062195935104
"Hyndman Peak",0.609095474918926,0.508736094541776,0.439883222160612,0.517679243811765,0,0.529470306101192,0.381730577126431,0.587247785086897,0.572263553946779
"Mount Cramer",0.539544954246763,0.421065609756075,0.580729108775722,0.393455965222147,0.529470306101192,0,0.537806358702356,0.484530599127002,0.490768426995231
"Salzburger Spitzl",0.660892011229887,0.408396929365278,0.453680957059977,0.544777154730578,0.381730577126431,0.537806358702356,0,0.454979301976489,0.64651731260874
"Snowyside Peak",0.612425353681857,0.407504677150353,0.630869470271201,0.405605392670526,0.587247785086897,0.484530599127002,0.454979301976489,0,0.580171362930727
"Thompson Peak",0.455896976886778,0.571522801665264,0.531731032964247,0.476062195935104,0.572263553946779,0.490768426995231,0.64651731260874,0.580171362930727,0
