"","Braxon Peak","Castle Peak","D.O. Lee Peak","Horstmann Peak","Hyndman Peak","Mount Cramer","Salzburger Spitzl","Snowyside Peak","Thompson Peak"
"Braxon Peak",0,0.987964510673888,0.78723860604578,-0.147319268968918,1.26030116369189,0.717637407815108,0.490081627309222,1.04786134407858,-0.0444302603524593
"Castle Peak",0.987964510673888,0,0.665175801589151,0.386438940370317,0.0194139271322303,-0.443277647115418,-0.18586800469747,0.806598691399101,0.300022145764769
"D.O. Lee Peak",0.78723860604578,0.665175801589151,0,-0.184324856928647,0.291116682779777,0.377696092236564,-1.06621371987383,1.53359653720476,-0.136351110726275
"Horstmann Peak",-0.147319268968918,0.386438940370317,-0.184324856928647,0,0.41350693563177,-0.98276924761558,0.894281938905751,0.374628778305385,-0.682096223333083
"Hyndman Peak",1.26030116369189,0.0194139271322303,0.291116682779777,0.41350693563177,0,1.21436080093734,-1.59600754444281,1.76750993124233,0.468761838419746
"Mount Cramer",0.717637407815108,-0.443277647115418,0.377696092236564,-0.98276924761558,1.21436080093734,0,-0.308245795042616,1.00661195694158,-0.03539250617091
"Salzburger Spitzl",0.490081627309222,-0.18586800469747,-1.06621371987383,0.894281938905751,-1.59600754444281,-0.308245795042616,0,-0.413323251577683,-0.08579153133011
"Snowyside Peak",1.04786134407858,0.806598691399101,1.53359653720476,0.374628778305385,1.76750993124233,1.00661195694158,-0.413323251577683,0,0.917904355572255
"Thompson Peak",-0.0444302603524593,0.300022145764769,-0.136351110726275,-0.682096223333083,0.468761838419746,-0.03539250617091,-0.08579153133011,0.917904355572255,0
