"","Braxon Peak","Castle Peak","D.O. Lee Peak","Horstmann Peak","Hyndman Peak","Mount Cramer","Salzburger Spitzl","Snowyside Peak","Thompson Peak"
"Braxon Peak",0,0.102705091419262,-0.397509903870011,1.06242514939529,-1.65281164477232,-0.224307291582953,0.444275992305984,0.374844440854435,0.879321566832206
"Castle Peak",0.102705091419262,0,0.802510832351194,-0.529818942581223,2.7165812471579,0.892358509203154,-0.809650704343076,-0.512190745549168,0.866576956544515
"D.O. Lee Peak",-0.397509903870011,0.802510832351194,0,2.00072083253963,-0.652116881548276,0.597548292577125,2.36540878551403,1.34054914037915,-0.445247445000583
"Horstmann Peak",1.06242514939529,-0.529818942581223,2.00072083253963,0,1.19439134330097,0.379046376473831,-0.627716207772357,-0.965503261286813,1.50677021337917
"Hyndman Peak",-1.65281164477232,2.7165812471579,-0.652116881548276,1.19439134330097,0,0.246025401752663,4.8932734106822,0.395388910767763,-0.767722952750817
"Mount Cramer",-0.224307291582953,0.892358509203154,0.597548292577125,0.379046376473831,0.246025401752663,0,0.785699662541523,-0.39897340570911,0.633659437695633
"Salzburger Spitzl",0.444275992305984,-0.809650704343076,2.36540878551403,-0.627716207772357,4.8932734106822,0.785699662541523,0,-0.123513609785094,1.14813370729893
"Snowyside Peak",0.374844440854435,-0.512190745549168,1.34054914037915,-0.965503261286813,0.395388910767763,-0.39897340570911,-0.123513609785094,0,0.435110022735715
"Thompson Peak",0.879321566832206,0.866576956544515,-0.445247445000583,1.50677021337917,-0.767722952750817,0.633659437695633,1.14813370729893,0.435110022735715,0
