"","Braxon Peak","Castle Peak","D.O. Lee Peak","Horstmann Peak","Hyndman Peak","Mount Cramer","Salzburger Spitzl","Snowyside Peak","Thompson Peak"
"Braxon Peak",0,0.609788891695718,0.562100041450637,0.548590209808435,0.483746864655732,0.532438289323623,0.619878014996677,0.613241084871359,0.524105071157292
"Castle Peak",0.609788891695718,0,0.635153046240013,0.426101009550966,0.539071931584083,0.422622702460988,0.362261144786564,0.413965098468008,0.670853239893554
"D.O. Lee Peak",0.562100041450637,0.635153046240013,0,0.646911852051526,0.420949395233143,0.610566548875804,0.532792566762208,0.65043323381219,0.476089042689293
"Horstmann Peak",0.548590209808435,0.426101009550966,0.646911852051526,0,0.567106969171017,0.365803846955795,0.494253363030011,0.389856407960201,0.640937424808083
"Hyndman Peak",0.483746864655732,0.539071931584083,0.420949395233143,0.567106969171017,0,0.557442078670213,0.435515671819084,0.589053646573323,0.404668881542485
"Mount Cramer",0.532438289323623,0.422622702460988,0.610566548875804,0.365803846955795,0.557442078670213,0,0.500138088238244,0.479240518355672,0.600892508921909
"Salzburger Spitzl",0.619878014996677,0.362261144786564,0.532792566762208,0.494253363030011,0.435515671819084,0.500138088238244,0,0.38595355890074,0.634084035624954
"Snowyside Peak",0.613241084871359,0.413965098468008,0.65043323381219,0.389856407960201,0.589053646573323,0.479240518355672,0.38595355890074,0,0.674841002942746
"Thompson Peak",0.524105071157292,0.670853239893554,0.476089042689293,0.640937424808083,0.404668881542485,0.600892508921909,0.634084035624954,0.674841002942746,0
