"","Braxon Peak","Castle Peak","D.O. Lee Peak","Horstmann Peak","Hyndman Peak","Mount Cramer","Salzburger Spitzl","Snowyside Peak","Thompson Peak"
"Braxon Peak",0,0.640049987349851,0.218763770152643,-0.47254847535859,0.884109308111224,0.258644181843369,0.441153297862825,0.505360046502349,-0.96739567475667
"Castle Peak",0.640049987349851,0,0.904955583524805,-0.0266387418758958,0.118116550241366,-0.756872961559508,-0.0786380471186326,0.731446182577354,-0.216675562922698
"D.O. Lee Peak",0.218763770152643,0.904955583524805,0,-0.394110273014796,0.415240016574174,0.769618810340479,-0.939723299096087,1.19251406056876,-0.015939029908307
"Horstmann Peak",-0.47254847535859,-0.0266387418758958,-0.394110273014796,0,0.053062868944088,-1.44241281017218,0.781663531269907,-0.12314885426509,-0.818746246555099
"Hyndman Peak",0.884109308111224,0.118116550241366,0.415240016574174,0.053062868944088,0,0.707451808178355,-1.78343460327093,1.58090016735178,-0.0989329273876055
"Mount Cramer",0.258644181843369,-0.756872961559508,0.769618810340479,-1.44241281017218,0.707451808178355,0,-0.301071939091052,0.731196279197929,-0.444681869446146
"Salzburger Spitzl",0.441153297862825,-0.0786380471186326,-0.939723299096087,0.781663531269907,-1.78343460327093,-0.301071939091052,0,-0.392623578900268,-0.237775881553701
"Snowyside Peak",0.505360046502349,0.731446182577354,1.19251406056876,-0.12314885426509,1.58090016735178,0.731196279197929,-0.392623578900268,0,0.745103569626866
"Thompson Peak",-0.96739567475667,-0.216675562922698,-0.015939029908307,-0.818746246555099,-0.0989329273876055,-0.444681869446146,-0.237775881553701,0.745103569626866,0
