"","Braxon Peak","Castle Peak","D.O. Lee Peak","Horstmann Peak","Hyndman Peak","Mount Cramer","Salzburger Spitzl","Snowyside Peak","Thompson Peak"
"Braxon Peak",0,0.236736425969861,0.00705934773036621,0.180654672500532,0.0334299700526733,0.116006031351258,0.192517618605858,0.126105424535087,0.153790535108915
"Castle Peak",0.236736425969861,0,0.228032678105128,0.0813858438085284,0.239503352923072,0.165688771231063,0.0329558863079572,0.109258488670658,0.412134374805259
"D.O. Lee Peak",0.00705934773036621,0.228032678105128,0,0.13784002066586,0.0508468535189373,0.0993326395639794,0.277457984057725,0.118823172960617,0.161653356951852
"Horstmann Peak",0.180654672500532,0.0813858438085284,0.13784002066586,0,0.126751800970756,0.0729851919331413,0.0403093911068963,0.0206426647944698,0.327465808605487
"Hyndman Peak",0.0334299700526733,0.239503352923072,0.0508468535189373,0.126751800970756,0,0.0710238252191983,0.267466625916241,0.0995249746262029,0.287719399291783
"Mount Cramer",0.116006031351258,0.165688771231063,0.0993326395639794,0.0729851919331413,0.0710238252191983,0,0.100741181185171,0.0363317669742146,0.279428986732548
"Salzburger Spitzl",0.192517618605858,0.0329558863079572,0.277457984057725,0.0403093911068963,0.267466625916241,0.100741181185171,0,0.077308511577674,0.424596614656316
"Snowyside Peak",0.126105424535087,0.109258488670658,0.118823172960617,0.0206426647944698,0.0995249746262029,0.0363317669742146,0.077308511577674,0,0.256836994686515
"Thompson Peak",0.153790535108915,0.412134374805259,0.161653356951852,0.327465808605487,0.287719399291783,0.279428986732548,0.424596614656316,0.256836994686515,0
