"","Braxon Peak","Castle Peak","D.O. Lee Peak","Horstmann Peak","Hyndman Peak","Mount Cramer","Salzburger Spitzl","Snowyside Peak","Thompson Peak"
"Braxon Peak",0,0.407339036053975,0.540441241446938,0.357461785333529,0.462755096338563,0.454805284870169,0.455540743460301,0.506443826882653,0.315743844648708
"Castle Peak",0.407339036053975,0,0.426964921453909,0.362431733523692,0.321820121330205,0.254546322879852,0.350348983367331,0.304518317154464,0.258633757408843
"D.O. Lee Peak",0.540441241446938,0.426964921453909,0,0.526903452195372,0.354417364710329,0.54448112739924,0.258009410640397,0.507397284176927,0.34098284883539
"Horstmann Peak",0.357461785333529,0.362431733523692,0.526903452195372,0,0.44125554576972,0.320336683831979,0.475102033247147,0.388155560959533,0.335764789159593
"Hyndman Peak",0.462755096338563,0.321820121330205,0.354417364710329,0.44125554576972,0,0.480037112915901,0.160242654678498,0.489758788893901,0.112809610653565
"Mount Cramer",0.454805284870169,0.254546322879852,0.54448112739924,0.320336683831979,0.480037112915901,0,0.420074884397245,0.443058638997149,0.33955191977702
"Salzburger Spitzl",0.455540743460301,0.350348983367331,0.258009410640397,0.475102033247147,0.160242654678498,0.420074884397245,0,0.330185942706151,0.201204789107832
"Snowyside Peak",0.506443826882653,0.304518317154464,0.507397284176927,0.388155560959533,0.489758788893901,0.443058638997149,0.330185942706151,0,0.437722953666557
"Thompson Peak",0.315743844648708,0.258633757408843,0.34098284883539,0.335764789159593,0.112809610653565,0.33955191977702,0.201204789107832,0.437722953666557,0
