"","Braxon Peak","Castle Peak","D.O. Lee Peak","Horstmann Peak","Hyndman Peak","Mount Cramer","Salzburger Spitzl","Snowyside Peak","Thompson Peak"
"Braxon Peak",0,-0.481575999322208,-1.53120117122443,0.229254900597579,-1.89690445726983,-0.519299276389202,-0.872817255319647,-0.868994613564895,0.205385543716207
"Castle Peak",-0.481575999322208,0,-0.748305376838657,-0.88989660764141,-1.76595151427377,-0.145805560805271,-0.45330831228572,0.81731419400545,-0.833778517992838
"D.O. Lee Peak",-1.53120117122443,-0.748305376838657,0,-1.8082203033932,-0.619637752012155,-1.21367185791132,1.04041471848575,-0.443813608498405,-0.72630031865024
"Horstmann Peak",0.229254900597579,-0.88989660764141,-1.8082203033932,0,-2.32452675905585,-1.24989200089286,-1.33155693616182,1.8649643777108,-0.338219364856393
"Hyndman Peak",-1.89690445726983,-1.76595151427377,-0.619637752012155,-2.32452675905585,0,-1.74328779559134,0.16439763298541,-1.01186557234267,-2.27645096721942
"Mount Cramer",-0.519299276389202,-0.145805560805271,-1.21367185791132,-1.24989200089286,-1.74328779559134,0,-0.425891305497671,0.809272056560119,0.46509992330321
"Salzburger Spitzl",-0.872817255319647,-0.45330831228572,1.04041471848575,-1.33155693616182,0.16439763298541,-0.425891305497671,0,0.332174391557799,-1.15483218044457
"Snowyside Peak",-0.868994613564895,0.81731419400545,-0.443813608498405,1.8649643777108,-1.01186557234267,0.809272056560119,0.332174391557799,0,1.67718903298177
"Thompson Peak",0.205385543716207,-0.833778517992838,-0.72630031865024,-0.338219364856393,-2.27645096721942,0.46509992330321,-1.15483218044457,1.67718903298177,0
