"","Braxon Peak","Castle Peak","D.O. Lee Peak","Horstmann Peak","Hyndman Peak","Mount Cramer","Salzburger Spitzl","Snowyside Peak","Thompson Peak"
"Braxon Peak",0,0.0771437534135095,0.786183015160356,-0.37194296681979,0.170371866280043,-0.13084755390801,0.121084016051449,-1.39483110834897,-0.746820225644758
"Castle Peak",0.0771437534135095,0,0.982973671633949,-0.670063642143922,-0.780883927933942,-1.57909571000448,0.22861019085106,0.742572234796638,-0.0631359262172788
"D.O. Lee Peak",0.786183015160356,0.982973671633949,0,0.442822334953268,1.40385957941107,-0.223950217659933,-0.428191158315231,1.44494149101007,1.02604376219566
"Horstmann Peak",-0.37194296681979,-0.670063642143922,0.442822334953268,0,0.430716415655446,-0.811220379879478,1.80252771479917,-1.92518419695237,-0.354888838732981
"Hyndman Peak",0.170371866280043,-0.780883927933942,1.40385957941107,0.430716415655446,0,0.0560075328380166,-2.84952460002976,1.10620070196935,-0.362556129835946
"Mount Cramer",-0.13084755390801,-1.57909571000448,-0.223950217659933,-0.811220379879478,0.0560075328380166,0,0.80466426553581,-0.315736830735536,-0.567715198578746
"Salzburger Spitzl",0.121084016051449,0.22861019085106,-0.428191158315231,1.80252771479917,-2.84952460002976,0.80466426553581,0,0.74541400203504,-0.281714526277497
"Snowyside Peak",-1.39483110834897,0.742572234796638,1.44494149101007,-1.92518419695237,1.10620070196935,-0.315736830735536,0.74541400203504,0,0.435758502325731
"Thompson Peak",-0.746820225644758,-0.0631359262172788,1.02604376219566,-0.354888838732981,-0.362556129835946,-0.567715198578746,-0.281714526277497,0.435758502325731,0
