"","Braxon Peak","Castle Peak","D.O. Lee Peak","Horstmann Peak","Hyndman Peak","Mount Cramer","Salzburger Spitzl","Snowyside Peak","Thompson Peak"
"Braxon Peak",0,-0.489181429441151,-0.041954477572637,0.255582931150833,-1.36317069114764,-0.474866416990647,-0.900063106666791,1.13811722575048,1.23242641885502
"Castle Peak",-0.489181429441151,0,0.600411954569708,-0.826792943155716,2.55533120175763,-0.037258767081423,0.103598477197965,-0.103887236858331,0.395539489136024
"D.O. Lee Peak",-0.041954477572637,0.600411954569708,0,1.51403597534246,-0.882121060140333,1.2449683579728,0.973791461483735,-1.10084894593951,-0.814273423375069
"Horstmann Peak",0.255582931150833,-0.826792943155716,1.51403597534246,0,0.237475575144583,-1.26649898868845,-1.20268207566735,1.96171553124618,1.04782834795042
"Hyndman Peak",-1.36317069114764,2.55533120175763,-0.882121060140333,0.237475575144583,0,1.50668906064885,2.82784437116867,-1.41048159388849,-0.590919966143409
"Mount Cramer",-0.474866416990647,-0.037258767081423,1.2449683579728,-1.26649898868845,1.50668906064885,0,-0.946025300800819,0.382821887389568,0.793781385411862
"Salzburger Spitzl",-0.900063106666791,0.103598477197965,0.973791461483735,-1.20268207566735,2.82784437116867,-0.946025300800819,0,-0.367383754263343,0.438505452004456
"Snowyside Peak",1.13811722575048,-0.103887236858331,-1.10084894593951,1.96171553124618,-1.41048159388849,0.382821887389568,-0.367383754263343,0,0.0139991709435917
"Thompson Peak",1.23242641885502,0.395539489136024,-0.814273423375069,1.04782834795042,-0.590919966143409,0.793781385411862,0.438505452004456,0.0139991709435917,0
