"","Braxon Peak","Castle Peak","D.O. Lee Peak","Horstmann Peak","Hyndman Peak","Mount Cramer","Salzburger Spitzl","Snowyside Peak","Thompson Peak"
"Braxon Peak",0,0.128285768415104,0.798455272143385,-0.329577013369813,0.221974351752137,-0.0834508448766738,0.174719051110639,-1.44175262130844,-0.737757817837577
"Castle Peak",0.128285768415104,0,0.99284703288286,-0.646139325099188,-0.766112704974764,-1.65258882351475,0.266914003577452,0.786415209491806,-0.00571711519673784
"D.O. Lee Peak",0.798455272143385,0.99284703288286,0,0.473392343941541,1.37011109088446,-0.177978935843623,-0.390513206738025,1.40240246372575,1.04743149149729
"Horstmann Peak",-0.329577013369813,-0.646139325099188,0.473392343941541,0,0.465031363472368,-0.792332846344214,1.70534356872912,-2.07718011473308,-0.302017226129444
"Hyndman Peak",0.221974351752137,-0.766112704974764,1.37011109088446,0.465031363472368,0,0.0928442704529335,-3.18441109573128,1.12465394399952,-0.333553437979377
"Mount Cramer",-0.0834508448766738,-1.65258882351475,-0.177978935843623,-0.792332846344214,0.0928442704529335,0,0.821354084759828,-0.268068570355753,-0.537939752785358
"Salzburger Spitzl",0.174719051110639,0.266914003577452,-0.390513206738025,1.70534356872912,-3.18441109573128,0.821354084759828,0,0.788495067952222,-0.246245824190435
"Snowyside Peak",-1.44175262130844,0.786415209491806,1.40240246372575,-2.07718011473308,1.12465394399952,-0.268068570355753,0.788495067952222,0,0.483734282783793
"Thompson Peak",-0.737757817837577,-0.00571711519673784,1.04743149149729,-0.302017226129444,-0.333553437979377,-0.537939752785358,-0.246245824190435,0.483734282783793,0
